[
  {
    "bridge_balance_mohm": 18.9255180358887,
    "id": 488118276,
    "leak_pa": 29.3803081512451,
    "num_spikes": null,
    "peak_deflection": -81.2500076293945,
    "post_noise_rms_mv": 0.0378950573503971,
    "post_vm_mv": -78.9166030883789,
    "pre_noise_rms_mv": 0.0430425889790058,
    "pre_vm_mv": -79.2377319335938,
    "slow_noise_rms_mv": 0.108336769044399,
    "slow_vm_mv": -79.2377319335938,
    "specimen_id": 488117124,
    "stimulus_absolute_amplitude": -9.99999996004197,
    "stimulus_description": "C1LSCOARSE150216[5]",
    "stimulus_duration": 0.999995,
    "stimulus_interval": null,
    "stimulus_name": "Long Square",
    "stimulus_relative_amplitude": 1.0,
    "stimulus_start_time": 1.02,
    "stimulus_units": "Amps",
    "sweep_number": 36,
    "vm_delta_mv": 0.321128845214844
  },
  {
    "bridge_balance_mohm": 16.9108657836914,
    "id": 488118320,
    "leak_pa": 14.3441333770752,
    "num_spikes": 1,
    "peak_deflection": null,
    "post_noise_rms_mv": 0.039377823472023,
    "post_vm_mv": -79.591682434082,
    "pre_noise_rms_mv": 0.0375171564519405,
    "pre_vm_mv": -79.9785842895508,
    "slow_noise_rms_mv": 0.120126068592072,
    "slow_vm_mv": -79.9785842895508,
    "specimen_id": 488117124,
    "stimulus_absolute_amplitude": 159.999999360672,
    "stimulus_description": "C1LSFINEST150112[0]",
    "stimulus_duration": 0.999995,
    "stimulus_interval": null,
    "stimulus_name": "Long Square",
    "stimulus_relative_amplitude": 1.60000002384186,
    "stimulus_start_time": 1.02,
    "stimulus_units": "Amps",
    "sweep_number": 58,
    "vm_delta_mv": 0.38690185546875
  },
  {
    "bridge_balance_mohm": 19.5970706939697,
    "id": 488118248,
    "leak_pa": 20.0062923431396,
    "num_spikes": 1,
    "peak_deflection": null,
    "post_noise_rms_mv": 0.0410547368228436,
    "post_vm_mv": -80.7087936401367,
    "pre_noise_rms_mv": 0.0358097888529301,
    "pre_vm_mv": -80.7878570556641,
    "slow_noise_rms_mv": 0.0692094638943672,
    "slow_vm_mv": -80.7878570556641,
    "specimen_id": 488117124,
    "stimulus_absolute_amplitude": 1289.99999571278,
    "stimulus_description": "C1SSFINEST150112[0]",
    "stimulus_duration": 0.002995,
    "stimulus_interval": null,
    "stimulus_name": "Short Square",
    "stimulus_relative_amplitude": 12.8999996185303,
    "stimulus_start_time": 1.02,
    "stimulus_units": "Amps",
    "sweep_number": 22,
    "vm_delta_mv": 0.0790634155273438
  },
  {
    "bridge_balance_mohm": 19.9633693695068,
    "id": 488118260,
    "leak_pa": 29.3803081512451,
    "num_spikes": 1,
    "peak_deflection": null,
    "post_noise_rms_mv": 0.0392212457954884,
    "post_vm_mv": -80.3354187011719,
    "pre_noise_rms_mv": 0.0400264970958233,
    "pre_vm_mv": -80.1752319335938,
    "slow_noise_rms_mv": 0.111084312200546,
    "slow_vm_mv": -80.1752319335938,
    "specimen_id": 488117124,
    "stimulus_absolute_amplitude": 1309.99999736758,
    "stimulus_description": "C1SSFINEST150112[0]",
    "stimulus_duration": 0.002995,
    "stimulus_interval": null,
    "stimulus_name": "Short Square",
    "stimulus_relative_amplitude": 13.1000003814697,
    "stimulus_start_time": 1.02,
    "stimulus_units": "Amps",
    "sweep_number": 28,
    "vm_delta_mv": 0.160186767578125
  },
  {
    "bridge_balance_mohm": 18.8034172058105,
    "id": 488118226,
    "leak_pa": 16.4831714630127,
    "num_spikes": null,
    "peak_deflection": null,
    "post_noise_rms_mv": 0.0410203374922276,
    "post_vm_mv": -80.6405715942383,
    "pre_noise_rms_mv": 0.0430479384958744,
    "pre_vm_mv": -80.6538391113281,
    "slow_noise_rms_mv": 0.0917468816041946,
    "slow_vm_mv": -80.6538391113281,
    "specimen_id": 488117124,
    "stimulus_absolute_amplitude": 599.999994133071,
    "stimulus_description": "C1SSCOARSE150112[5]",
    "stimulus_duration": 0.002995,
    "stimulus_interval": null,
    "stimulus_name": "Short Square",
    "stimulus_relative_amplitude": 1.0,
    "stimulus_start_time": 1.02,
    "stimulus_units": "Amps",
    "sweep_number": 12,
    "vm_delta_mv": 0.0132675170898438
  },
  {
    "bridge_balance_mohm": 18.9255180358887,
    "id": 488118288,
    "leak_pa": 25.6055374145508,
    "num_spikes": null,
    "peak_deflection": -54.0312538146973,
    "post_noise_rms_mv": 0.0444244220852852,
    "post_vm_mv": -79.0658416748047,
    "pre_noise_rms_mv": 0.0424345657229424,
    "pre_vm_mv": -79.1472244262695,
    "slow_noise_rms_mv": 0.10194293409586,
    "slow_vm_mv": -79.1472244262695,
    "specimen_id": 488117124,
    "stimulus_absolute_amplitude": 110.000002162547,
    "stimulus_description": "C1LSCOARSE150216[11]",
    "stimulus_duration": 0.999995,
    "stimulus_interval": null,
    "stimulus_name": "Long Square",
    "stimulus_relative_amplitude": 1.0,
    "stimulus_start_time": 1.02,
    "stimulus_units": "Amps",
    "sweep_number": 42,
    "vm_delta_mv": 0.0813827514648438
  },
  {
    "bridge_balance_mohm": 19.5970706939697,
    "id": 488118246,
    "leak_pa": 20.0062923431396,
    "num_spikes": null,
    "peak_deflection": null,
    "post_noise_rms_mv": 0.0423717685043812,
    "post_vm_mv": -80.4788970947266,
    "pre_noise_rms_mv": 0.0368305146694183,
    "pre_vm_mv": -80.409912109375,
    "slow_noise_rms_mv": 0.0921240150928497,
    "slow_vm_mv": -80.409912109375,
    "specimen_id": 488117124,
    "stimulus_absolute_amplitude": 1269.99999405797,
    "stimulus_description": "C1SSFINEST150112[0]",
    "stimulus_duration": 0.002995,
    "stimulus_interval": null,
    "stimulus_name": "Short Square",
    "stimulus_relative_amplitude": 12.6999998092651,
    "stimulus_start_time": 1.02,
    "stimulus_units": "Amps",
    "sweep_number": 21,
    "vm_delta_mv": 0.0689849853515625
  },
  {
    "bridge_balance_mohm": 19.9633693695068,
    "id": 488118254,
    "leak_pa": 19.6917266845703,
    "num_spikes": null,
    "peak_deflection": null,
    "post_noise_rms_mv": 0.0531846322119236,
    "post_vm_mv": -81.2164535522461,
    "pre_noise_rms_mv": 0.0367003306746483,
    "pre_vm_mv": -81.0928726196289,
    "slow_noise_rms_mv": 0.0777417346835136,
    "slow_vm_mv": -81.0928726196289,
    "specimen_id": 488117124,
    "stimulus_absolute_amplitude": 1299.99999654018,
    "stimulus_description": "C1SSFINEST150112[0]",
    "stimulus_duration": 0.002995,
    "stimulus_interval": null,
    "stimulus_name": "Short Square",
    "stimulus_relative_amplitude": 13.0,
    "stimulus_start_time": 1.02,
    "stimulus_units": "Amps",
    "sweep_number": 25,
    "vm_delta_mv": 0.123580932617188
  },
  {
    "bridge_balance_mohm": 18.9255180358887,
    "id": 488118272,
    "leak_pa": 29.3803081512451,
    "num_spikes": null,
    "peak_deflection": -87.3125076293945,
    "post_noise_rms_mv": 0.0413939729332924,
    "post_vm_mv": -79.3421936035156,
    "pre_noise_rms_mv": 0.0387850180268288,
    "pre_vm_mv": -79.0239028930664,
    "slow_noise_rms_mv": 0.0909406542778015,
    "slow_vm_mv": -79.0239028930664,
    "specimen_id": 488117124,
    "stimulus_absolute_amplitude": -50.0000006675716,
    "stimulus_description": "C1LSCOARSE150216[3]",
    "stimulus_duration": 0.999995,
    "stimulus_interval": null,
    "stimulus_name": "Long Square",
    "stimulus_relative_amplitude": 1.0,
    "stimulus_start_time": 1.02,
    "stimulus_units": "Amps",
    "sweep_number": 34,
    "vm_delta_mv": 0.318290710449219
  },
  {
    "bridge_balance_mohm": 19.9633693695068,
    "id": 488118258,
    "leak_pa": 29.3803081512451,
    "num_spikes": 1,
    "peak_deflection": null,
    "post_noise_rms_mv": 0.0377399250864983,
    "post_vm_mv": -80.24755859375,
    "pre_noise_rms_mv": 0.0441424511373043,
    "pre_vm_mv": -80.0709762573242,
    "slow_noise_rms_mv": 0.106626331806183,
    "slow_vm_mv": -80.0709762573242,
    "specimen_id": 488117124,
    "stimulus_absolute_amplitude": 1309.99999736758,
    "stimulus_description": "C1SSFINEST150112[0]",
    "stimulus_duration": 0.002995,
    "stimulus_interval": null,
    "stimulus_name": "Short Square",
    "stimulus_relative_amplitude": 13.1000003814697,
    "stimulus_start_time": 1.02,
    "stimulus_units": "Amps",
    "sweep_number": 27,
    "vm_delta_mv": 0.176582336425781
  },
  {
    "bridge_balance_mohm": 16.9108657836914,
    "id": 488118312,
    "leak_pa": 14.3441333770752,
    "num_spikes": null,
    "peak_deflection": -49.3125038146973,
    "post_noise_rms_mv": 0.0439906753599644,
    "post_vm_mv": -80.3430480957031,
    "pre_noise_rms_mv": 0.0472980365157127,
    "pre_vm_mv": -80.2296524047852,
    "slow_noise_rms_mv": 0.100029781460762,
    "slow_vm_mv": -80.2296524047852,
    "specimen_id": 488117124,
    "stimulus_absolute_amplitude": 149.999998533268,
    "stimulus_description": "C1LSFINEST150112[0]",
    "stimulus_duration": 0.999995,
    "stimulus_interval": null,
    "stimulus_name": "Long Square",
    "stimulus_relative_amplitude": 1.5,
    "stimulus_start_time": 1.02,
    "stimulus_units": "Amps",
    "sweep_number": 54,
    "vm_delta_mv": 0.113395690917969
  },
  {
    "bridge_balance_mohm": 19.5970706939697,
    "id": 488118244,
    "leak_pa": 20.0062923431396,
    "num_spikes": null,
    "peak_deflection": null,
    "post_noise_rms_mv": 0.0392771996557713,
    "post_vm_mv": -80.289176940918,
    "pre_noise_rms_mv": 0.0380992665886879,
    "pre_vm_mv": -80.2509765625,
    "slow_noise_rms_mv": 0.0788353383541107,
    "slow_vm_mv": -80.2509765625,
    "specimen_id": 488117124,
    "stimulus_absolute_amplitude": 1249.99999240316,
    "stimulus_description": "C1SSFINEST150112[0]",
    "stimulus_duration": 0.002995,
    "stimulus_interval": null,
    "stimulus_name": "Short Square",
    "stimulus_relative_amplitude": 12.5,
    "stimulus_start_time": 1.02,
    "stimulus_units": "Amps",
    "sweep_number": 20,
    "vm_delta_mv": 0.0382003784179688
  },
  {
    "bridge_balance_mohm": 18.8034172058105,
    "id": 488118214,
    "leak_pa": 12.8971376419067,
    "num_spikes": 4,
    "peak_deflection": null,
    "post_noise_rms_mv": null,
    "post_vm_mv": null,
    "pre_noise_rms_mv": 0.0358437485992908,
    "pre_vm_mv": -80.9454116821289,
    "slow_noise_rms_mv": 0.103328473865986,
    "slow_vm_mv": -80.9454116821289,
    "specimen_id": 488117124,
    "stimulus_absolute_amplitude": 800.000010681146,
    "stimulus_description": "C1RP25PR1S141203[0]",
    "stimulus_duration": 31.997495,
    "stimulus_interval": null,
    "stimulus_name": "Ramp",
    "stimulus_relative_amplitude": 1.0,
    "stimulus_start_time": 1.0225,
    "stimulus_units": "Amps",
    "sweep_number": 6,
    "vm_delta_mv": null
  },
  {
    "bridge_balance_mohm": 18.9255180358887,
    "id": 488118286,
    "leak_pa": 25.6055374145508,
    "num_spikes": null,
    "peak_deflection": -60.7500038146973,
    "post_noise_rms_mv": 0.0368836335837841,
    "post_vm_mv": -79.1563873291016,
    "pre_noise_rms_mv": 0.0366122238337994,
    "pre_vm_mv": -79.5515365600586,
    "slow_noise_rms_mv": 0.0900295600295067,
    "slow_vm_mv": -79.5515365600586,
    "specimen_id": 488117124,
    "stimulus_absolute_amplitude": 90.0000005077395,
    "stimulus_description": "C1LSCOARSE150216[10]",
    "stimulus_duration": 0.999995,
    "stimulus_interval": null,
    "stimulus_name": "Long Square",
    "stimulus_relative_amplitude": 1.0,
    "stimulus_start_time": 1.02,
    "stimulus_units": "Amps",
    "sweep_number": 41,
    "vm_delta_mv": 0.395149230957031
  },
  {
    "bridge_balance_mohm": 16.9108657836914,
    "id": 488118314,
    "leak_pa": 14.3441333770752,
    "num_spikes": 2,
    "peak_deflection": null,
    "post_noise_rms_mv": 0.0414015762507915,
    "post_vm_mv": -79.9064636230469,
    "pre_noise_rms_mv": 0.0429862514138222,
    "pre_vm_mv": -80.0273818969727,
    "slow_noise_rms_mv": 0.111888244748116,
    "slow_vm_mv": -80.0273818969727,
    "specimen_id": 488117124,
    "stimulus_absolute_amplitude": 159.999999360672,
    "stimulus_description": "C1LSFINEST150112[0]",
    "stimulus_duration": 0.999995,
    "stimulus_interval": null,
    "stimulus_name": "Long Square",
    "stimulus_relative_amplitude": 1.60000002384186,
    "stimulus_start_time": 1.02,
    "stimulus_units": "Amps",
    "sweep_number": 55,
    "vm_delta_mv": 0.120918273925781
  },
  {
    "bridge_balance_mohm": null,
    "id": 488118208,
    "leak_pa": null,
    "num_spikes": null,
    "peak_deflection": null,
    "post_noise_rms_mv": null,
    "post_vm_mv": null,
    "pre_noise_rms_mv": null,
    "pre_vm_mv": null,
    "slow_noise_rms_mv": null,
    "slow_vm_mv": null,
    "specimen_id": 488117124,
    "stimulus_absolute_amplitude": null,
    "stimulus_description": "EXTPBREAKN141203[0]",
    "stimulus_duration": null,
    "stimulus_interval": null,
    "stimulus_name": "Test",
    "stimulus_relative_amplitude": 1.0,
    "stimulus_start_time": null,
    "stimulus_units": "Volts",
    "sweep_number": 3,
    "vm_delta_mv": null
  },
  {
    "bridge_balance_mohm": 19.5970706939697,
    "id": 488118250,
    "leak_pa": 20.0062923431396,
    "num_spikes": null,
    "peak_deflection": null,
    "post_noise_rms_mv": 0.0338662154972553,
    "post_vm_mv": -80.8432388305664,
    "pre_noise_rms_mv": 0.0387829169631004,
    "pre_vm_mv": -80.6404037475586,
    "slow_noise_rms_mv": 0.0770819112658501,
    "slow_vm_mv": -80.6404037475586,
    "specimen_id": 488117124,
    "stimulus_absolute_amplitude": 1279.99999488537,
    "stimulus_description": "C1SSFINEST150112[0]",
    "stimulus_duration": 0.002995,
    "stimulus_interval": null,
    "stimulus_name": "Short Square",
    "stimulus_relative_amplitude": 12.8000001907349,
    "stimulus_start_time": 1.02,
    "stimulus_units": "Amps",
    "sweep_number": 23,
    "vm_delta_mv": 0.202835083007812
  },
  {
    "bridge_balance_mohm": 16.9108657836914,
    "id": 488118306,
    "leak_pa": 20.1950302124023,
    "num_spikes": null,
    "peak_deflection": -57.5,
    "post_noise_rms_mv": 0.0371140204370022,
    "post_vm_mv": -80.2285614013672,
    "pre_noise_rms_mv": 0.0409955754876137,
    "pre_vm_mv": -80.1484909057617,
    "slow_noise_rms_mv": 0.103938795626163,
    "slow_vm_mv": -80.1484909057617,
    "specimen_id": 488117124,
    "stimulus_absolute_amplitude": 120.000009928845,
    "stimulus_description": "C1LSFINEST150112[0]",
    "stimulus_duration": 0.999995,
    "stimulus_interval": null,
    "stimulus_name": "Long Square",
    "stimulus_relative_amplitude": 1.20000004768372,
    "stimulus_start_time": 1.02,
    "stimulus_units": "Amps",
    "sweep_number": 51,
    "vm_delta_mv": 0.0800704956054688
  },
  {
    "bridge_balance_mohm": 19.9633693695068,
    "id": 488118262,
    "leak_pa": 29.3803081512451,
    "num_spikes": 1,
    "peak_deflection": null,
    "post_noise_rms_mv": 0.0437575280666351,
    "post_vm_mv": -80.2626647949219,
    "pre_noise_rms_mv": 0.0381721928715706,
    "pre_vm_mv": -80.4397277832031,
    "slow_noise_rms_mv": 0.0887034311890602,
    "slow_vm_mv": -80.4397277832031,
    "specimen_id": 488117124,
    "stimulus_absolute_amplitude": 1309.99999736758,
    "stimulus_description": "C1SSFINEST150112[0]",
    "stimulus_duration": 0.002995,
    "stimulus_interval": null,
    "stimulus_name": "Short Square",
    "stimulus_relative_amplitude": 13.1000003814697,
    "stimulus_start_time": 1.02,
    "stimulus_units": "Amps",
    "sweep_number": 29,
    "vm_delta_mv": 0.17706298828125
  },
  {
    "bridge_balance_mohm": 20.7570209503174,
    "id": 488118338,
    "leak_pa": 3.52312040328979,
    "num_spikes": null,
    "peak_deflection": null,
    "post_noise_rms_mv": null,
    "post_vm_mv": null,
    "pre_noise_rms_mv": null,
    "pre_vm_mv": null,
    "slow_noise_rms_mv": null,
    "slow_vm_mv": null,
    "specimen_id": 488117124,
    "stimulus_absolute_amplitude": null,
    "stimulus_description": "EXTPEXPEND141203[0]",
    "stimulus_duration": null,
    "stimulus_interval": null,
    "stimulus_name": "Test",
    "stimulus_relative_amplitude": 1.0,
    "stimulus_start_time": null,
    "stimulus_units": "Volts",
    "sweep_number": 67,
    "vm_delta_mv": null
  },
  {
    "bridge_balance_mohm": 18.9255180358887,
    "id": 488118280,
    "leak_pa": 29.3803081512451,
    "num_spikes": null,
    "peak_deflection": -73.0000076293945,
    "post_noise_rms_mv": 0.0418867617845535,
    "post_vm_mv": -78.921142578125,
    "pre_noise_rms_mv": 0.0296666454523802,
    "pre_vm_mv": -79.017936706543,
    "slow_noise_rms_mv": 0.129266351461411,
    "slow_vm_mv": -79.017936706543,
    "specimen_id": 488117124,
    "stimulus_absolute_amplitude": 30.0000024822111,
    "stimulus_description": "C1LSCOARSE150216[7]",
    "stimulus_duration": 0.999995,
    "stimulus_interval": null,
    "stimulus_name": "Long Square",
    "stimulus_relative_amplitude": 1.0,
    "stimulus_start_time": 1.02,
    "stimulus_units": "Amps",
    "sweep_number": 38,
    "vm_delta_mv": 0.0967941284179688
  },
  {
    "bridge_balance_mohm": 16.3614158630371,
    "id": 488118302,
    "leak_pa": 20.1950302124023,
    "num_spikes": 21,
    "peak_deflection": null,
    "post_noise_rms_mv": 0.0437428168952465,
    "post_vm_mv": -80.7677307128906,
    "pre_noise_rms_mv": 0.0362561121582985,
    "pre_vm_mv": -80.4599533081055,
    "slow_noise_rms_mv": 0.146023124456406,
    "slow_vm_mv": -80.4599533081055,
    "specimen_id": 488117124,
    "stimulus_absolute_amplitude": 249.999992929517,
    "stimulus_description": "C1LSCOARSE150216[18]",
    "stimulus_duration": 0.999995,
    "stimulus_interval": null,
    "stimulus_name": "Long Square",
    "stimulus_relative_amplitude": 1.0,
    "stimulus_start_time": 1.02,
    "stimulus_units": "Amps",
    "sweep_number": 49,
    "vm_delta_mv": 0.307777404785156
  },
  {
    "bridge_balance_mohm": 18.8034172058105,
    "id": 488118234,
    "leak_pa": 16.4831714630127,
    "num_spikes": null,
    "peak_deflection": null,
    "post_noise_rms_mv": 0.0431424155831337,
    "post_vm_mv": -80.8159637451172,
    "pre_noise_rms_mv": 0.041258167475462,
    "pre_vm_mv": -80.7206420898438,
    "slow_noise_rms_mv": 0.0963111445307732,
    "slow_vm_mv": -80.7206420898438,
    "specimen_id": 488117124,
    "stimulus_absolute_amplitude": 900.000018955183,
    "stimulus_description": "C1SSCOARSE150112[8]",
    "stimulus_duration": 0.002995,
    "stimulus_interval": null,
    "stimulus_name": "Short Square",
    "stimulus_relative_amplitude": 1.0,
    "stimulus_start_time": 1.02,
    "stimulus_units": "Amps",
    "sweep_number": 15,
    "vm_delta_mv": 0.0953216552734375
  },
  {
    "bridge_balance_mohm": null,
    "id": 488118204,
    "leak_pa": null,
    "num_spikes": null,
    "peak_deflection": null,
    "post_noise_rms_mv": null,
    "post_vm_mv": null,
    "pre_noise_rms_mv": null,
    "pre_vm_mv": null,
    "slow_noise_rms_mv": null,
    "slow_vm_mv": null,
    "specimen_id": 488117124,
    "stimulus_absolute_amplitude": null,
    "stimulus_description": "EXTPINBATH141203[0]",
    "stimulus_duration": null,
    "stimulus_interval": null,
    "stimulus_name": "Test",
    "stimulus_relative_amplitude": 1.0,
    "stimulus_start_time": null,
    "stimulus_units": "Volts",
    "sweep_number": 1,
    "vm_delta_mv": null
  },
  {
    "bridge_balance_mohm": 20.7570209503174,
    "id": 488118330,
    "leak_pa": 3.52312040328979,
    "num_spikes": 59,
    "peak_deflection": null,
    "post_noise_rms_mv": 0.0463095530867577,
    "post_vm_mv": -80.739501953125,
    "pre_noise_rms_mv": 0.0382096171379089,
    "pre_vm_mv": -80.4222793579102,
    "slow_noise_rms_mv": 0.173039481043816,
    "slow_vm_mv": -80.4222793579102,
    "specimen_id": 488117124,
    "stimulus_absolute_amplitude": 370.874997379644,
    "stimulus_description": "C1NSSEED_1150216[0]",
    "stimulus_duration": 18.999995,
    "stimulus_interval": 8.0,
    "stimulus_name": "Noise 1",
    "stimulus_relative_amplitude": 1.60000002384186,
    "stimulus_start_time": 2.02,
    "stimulus_units": "Amps",
    "sweep_number": 63,
    "vm_delta_mv": 0.317222595214844
  },
  {
    "bridge_balance_mohm": 20.7570209503174,
    "id": 488118326,
    "leak_pa": -2.01321172714233,
    "num_spikes": 47,
    "peak_deflection": null,
    "post_noise_rms_mv": 0.0329376496374607,
    "post_vm_mv": -81.5430908203125,
    "pre_noise_rms_mv": 0.0392320677638054,
    "pre_vm_mv": -80.686897277832,
    "slow_noise_rms_mv": 0.0929719731211662,
    "slow_vm_mv": -80.686897277832,
    "specimen_id": 488117124,
    "stimulus_absolute_amplitude": 370.874997379644,
    "stimulus_description": "C1NSSEED_1150216[0]",
    "stimulus_duration": 18.999995,
    "stimulus_interval": 8.0,
    "stimulus_name": "Noise 1",
    "stimulus_relative_amplitude": 1.60000002384186,
    "stimulus_start_time": 2.02,
    "stimulus_units": "Amps",
    "sweep_number": 61,
    "vm_delta_mv": 0.856193542480469
  },
  {
    "bridge_balance_mohm": 19.9633693695068,
    "id": 488118256,
    "leak_pa": 24.5360164642334,
    "num_spikes": 1,
    "peak_deflection": null,
    "post_noise_rms_mv": 0.0414311476051807,
    "post_vm_mv": -81.2317428588867,
    "pre_noise_rms_mv": 0.0367529317736626,
    "pre_vm_mv": -81.0669326782227,
    "slow_noise_rms_mv": 0.110476545989513,
    "slow_vm_mv": -81.0669326782227,
    "specimen_id": 488117124,
    "stimulus_absolute_amplitude": 1309.99999736758,
    "stimulus_description": "C1SSFINEST150112[0]",
    "stimulus_duration": 0.002995,
    "stimulus_interval": null,
    "stimulus_name": "Short Square",
    "stimulus_relative_amplitude": 13.1000003814697,
    "stimulus_start_time": 1.02,
    "stimulus_units": "Amps",
    "sweep_number": 26,
    "vm_delta_mv": 0.164810180664062
  },
  {
    "bridge_balance_mohm": 16.9108657836914,
    "id": 488118316,
    "leak_pa": 14.3441333770752,
    "num_spikes": 2,
    "peak_deflection": null,
    "post_noise_rms_mv": 0.042104110121727,
    "post_vm_mv": -80.1892776489258,
    "pre_noise_rms_mv": 0.0409070327877998,
    "pre_vm_mv": -80.4021911621094,
    "slow_noise_rms_mv": 0.0910661369562149,
    "slow_vm_mv": -80.4021911621094,
    "specimen_id": 488117124,
    "stimulus_absolute_amplitude": 159.999999360672,
    "stimulus_description": "C1LSFINEST150112[0]",
    "stimulus_duration": 0.999995,
    "stimulus_interval": null,
    "stimulus_name": "Long Square",
    "stimulus_relative_amplitude": 1.60000002384186,
    "stimulus_start_time": 1.02,
    "stimulus_units": "Amps",
    "sweep_number": 56,
    "vm_delta_mv": 0.212913513183594
  },
  {
    "bridge_balance_mohm": 16.3614158630371,
    "id": 488118300,
    "leak_pa": 20.1950302124023,
    "num_spikes": 17,
    "peak_deflection": null,
    "post_noise_rms_mv": 0.0352094955742359,
    "post_vm_mv": -80.6614456176758,
    "pre_noise_rms_mv": 0.0417695268988609,
    "pre_vm_mv": -80.7348098754883,
    "slow_noise_rms_mv": 0.0910482406616211,
    "slow_vm_mv": -80.7348098754883,
    "specimen_id": 488117124,
    "stimulus_absolute_amplitude": 230.000005152498,
    "stimulus_description": "C1LSCOARSE150216[17]",
    "stimulus_duration": 0.999995,
    "stimulus_interval": null,
    "stimulus_name": "Long Square",
    "stimulus_relative_amplitude": 1.0,
    "stimulus_start_time": 1.02,
    "stimulus_units": "Amps",
    "sweep_number": 48,
    "vm_delta_mv": 0.0733642578125
  },
  {
    "bridge_balance_mohm": 18.8034172058105,
    "id": 488118240,
    "leak_pa": 20.257942199707,
    "num_spikes": null,
    "peak_deflection": null,
    "post_noise_rms_mv": 0.0392241962254047,
    "post_vm_mv": -80.7776184082031,
    "pre_noise_rms_mv": 0.0419399216771126,
    "pre_vm_mv": -80.6953964233398,
    "slow_noise_rms_mv": 0.0757189765572548,
    "slow_vm_mv": -80.6953964233398,
    "specimen_id": 488117124,
    "stimulus_absolute_amplitude": 1199.99998826614,
    "stimulus_description": "C1SSCOARSE150112[11]",
    "stimulus_duration": 0.002995,
    "stimulus_interval": null,
    "stimulus_name": "Short Square",
    "stimulus_relative_amplitude": 1.0,
    "stimulus_start_time": 1.02,
    "stimulus_units": "Amps",
    "sweep_number": 18,
    "vm_delta_mv": 0.0822219848632812
  },
  {
    "bridge_balance_mohm": null,
    "id": 488118206,
    "leak_pa": null,
    "num_spikes": null,
    "peak_deflection": null,
    "post_noise_rms_mv": null,
    "post_vm_mv": null,
    "pre_noise_rms_mv": null,
    "pre_vm_mv": null,
    "slow_noise_rms_mv": null,
    "slow_vm_mv": null,
    "specimen_id": 488117124,
    "stimulus_absolute_amplitude": null,
    "stimulus_description": "EXTPCllATT141203[0]",
    "stimulus_duration": null,
    "stimulus_interval": null,
    "stimulus_name": "Test",
    "stimulus_relative_amplitude": 1.0,
    "stimulus_start_time": null,
    "stimulus_units": "Volts",
    "sweep_number": 2,
    "vm_delta_mv": null
  },
  {
    "bridge_balance_mohm": 16.9108657836914,
    "id": 488118310,
    "leak_pa": 20.1950302124023,
    "num_spikes": null,
    "peak_deflection": -52.4375038146973,
    "post_noise_rms_mv": 0.0439227670431137,
    "post_vm_mv": -79.8450393676758,
    "pre_noise_rms_mv": 0.0382647551596165,
    "pre_vm_mv": -80.1120910644531,
    "slow_noise_rms_mv": 0.107774883508682,
    "slow_vm_mv": -80.1120910644531,
    "specimen_id": 488117124,
    "stimulus_absolute_amplitude": 139.999997705864,
    "stimulus_description": "C1LSFINEST150112[0]",
    "stimulus_duration": 0.999995,
    "stimulus_interval": null,
    "stimulus_name": "Long Square",
    "stimulus_relative_amplitude": 1.39999997615814,
    "stimulus_start_time": 1.02,
    "stimulus_units": "Amps",
    "sweep_number": 53,
    "vm_delta_mv": 0.267051696777344
  },
  {
    "bridge_balance_mohm": 18.9255180358887,
    "id": 488118270,
    "leak_pa": 29.3803081512451,
    "num_spikes": null,
    "peak_deflection": -89.90625,
    "post_noise_rms_mv": 0.0391519889235497,
    "post_vm_mv": -79.1536712646484,
    "pre_noise_rms_mv": 0.0512818694114685,
    "pre_vm_mv": -79.1064224243164,
    "slow_noise_rms_mv": 0.0990320816636086,
    "slow_vm_mv": -79.1064224243164,
    "specimen_id": 488117124,
    "stimulus_absolute_amplitude": -69.9999988529321,
    "stimulus_description": "C1LSCOARSE150216[2]",
    "stimulus_duration": 0.999995,
    "stimulus_interval": null,
    "stimulus_name": "Long Square",
    "stimulus_relative_amplitude": 1.0,
    "stimulus_start_time": 1.02,
    "stimulus_units": "Amps",
    "sweep_number": 33,
    "vm_delta_mv": 0.0472488403320312
  },
  {
    "bridge_balance_mohm": 18.8034172058105,
    "id": 488118228,
    "leak_pa": 16.4831714630127,
    "num_spikes": null,
    "peak_deflection": null,
    "post_noise_rms_mv": 0.0359064489603043,
    "post_vm_mv": -80.6034240722656,
    "pre_noise_rms_mv": 0.0381936058402061,
    "pre_vm_mv": -80.5679626464844,
    "slow_noise_rms_mv": 0.0934328064322472,
    "slow_vm_mv": -80.5679626464844,
    "specimen_id": 488117124,
    "stimulus_absolute_amplitude": 700.000002407108,
    "stimulus_description": "C1SSCOARSE150112[6]",
    "stimulus_duration": 0.002995,
    "stimulus_interval": null,
    "stimulus_name": "Short Square",
    "stimulus_relative_amplitude": 1.0,
    "stimulus_start_time": 1.02,
    "stimulus_units": "Amps",
    "sweep_number": 13,
    "vm_delta_mv": 0.03546142578125
  },
  {
    "bridge_balance_mohm": 18.9255180358887,
    "id": 488118282,
    "leak_pa": 25.6055374145508,
    "num_spikes": null,
    "peak_deflection": -69.78125,
    "post_noise_rms_mv": 0.0323578491806984,
    "post_vm_mv": -79.702262878418,
    "pre_noise_rms_mv": 0.0382976047694683,
    "pre_vm_mv": -79.5698623657227,
    "slow_noise_rms_mv": 0.111079126596451,
    "slow_vm_mv": -79.5698623657227,
    "specimen_id": 488117124,
    "stimulus_absolute_amplitude": 50.0000006675716,
    "stimulus_description": "C1LSCOARSE150216[8]",
    "stimulus_duration": 0.999995,
    "stimulus_interval": null,
    "stimulus_name": "Long Square",
    "stimulus_relative_amplitude": 1.0,
    "stimulus_start_time": 1.02,
    "stimulus_units": "Amps",
    "sweep_number": 39,
    "vm_delta_mv": 0.132400512695312
  },
  {
    "bridge_balance_mohm": 16.9108657836914,
    "id": 488118318,
    "leak_pa": 14.3441333770752,
    "num_spikes": 1,
    "peak_deflection": null,
    "post_noise_rms_mv": 0.0415736101567745,
    "post_vm_mv": -79.8118133544922,
    "pre_noise_rms_mv": 0.0430848263204098,
    "pre_vm_mv": -80.0718612670898,
    "slow_noise_rms_mv": 0.097548633813858,
    "slow_vm_mv": -80.0718612670898,
    "specimen_id": 488117124,
    "stimulus_absolute_amplitude": 159.999999360672,
    "stimulus_description": "C1LSFINEST150112[0]",
    "stimulus_duration": 0.999995,
    "stimulus_interval": null,
    "stimulus_name": "Long Square",
    "stimulus_relative_amplitude": 1.60000002384186,
    "stimulus_start_time": 1.02,
    "stimulus_units": "Amps",
    "sweep_number": 57,
    "vm_delta_mv": 0.260047912597656
  },
  {
    "bridge_balance_mohm": 18.9255180358887,
    "id": 488118266,
    "leak_pa": 29.3803081512451,
    "num_spikes": null,
    "peak_deflection": -95.15625,
    "post_noise_rms_mv": 0.0410502701997757,
    "post_vm_mv": -79.3727035522461,
    "pre_noise_rms_mv": 0.0377749651670456,
    "pre_vm_mv": -80.1627044677734,
    "slow_noise_rms_mv": 0.114888563752174,
    "slow_vm_mv": -80.1627044677734,
    "specimen_id": 488117124,
    "stimulus_absolute_amplitude": -110.000002162547,
    "stimulus_description": "C1LSCOARSE150216[0]",
    "stimulus_duration": 0.999995,
    "stimulus_interval": null,
    "stimulus_name": "Long Square",
    "stimulus_relative_amplitude": 1.0,
    "stimulus_start_time": 1.02,
    "stimulus_units": "Amps",
    "sweep_number": 31,
    "vm_delta_mv": 0.790000915527344
  },
  {
    "bridge_balance_mohm": 18.8034172058105,
    "id": 488118224,
    "leak_pa": 16.4831714630127,
    "num_spikes": null,
    "peak_deflection": null,
    "post_noise_rms_mv": 0.0380531176924706,
    "post_vm_mv": -80.8860092163086,
    "pre_noise_rms_mv": 0.038679838180542,
    "pre_vm_mv": -80.7840728759766,
    "slow_noise_rms_mv": 0.0980658829212189,
    "slow_vm_mv": -80.7840728759766,
    "specimen_id": 488117124,
    "stimulus_absolute_amplitude": 499.999985859034,
    "stimulus_description": "C1SSCOARSE150112[4]",
    "stimulus_duration": 0.002995,
    "stimulus_interval": null,
    "stimulus_name": "Short Square",
    "stimulus_relative_amplitude": 1.0,
    "stimulus_start_time": 1.02,
    "stimulus_units": "Amps",
    "sweep_number": 11,
    "vm_delta_mv": 0.101936340332031
  },
  {
    "bridge_balance_mohm": 18.9255180358887,
    "id": 488118290,
    "leak_pa": 25.6055374145508,
    "num_spikes": 4,
    "peak_deflection": null,
    "post_noise_rms_mv": 0.039227943867445,
    "post_vm_mv": -79.1990432739258,
    "pre_noise_rms_mv": 0.0348639786243439,
    "pre_vm_mv": -78.9332427978516,
    "slow_noise_rms_mv": 0.116314515471458,
    "slow_vm_mv": -78.9332427978516,
    "specimen_id": 488117124,
    "stimulus_absolute_amplitude": 129.99999687846,
    "stimulus_description": "C1LSCOARSE150216[12]",
    "stimulus_duration": 0.999995,
    "stimulus_interval": null,
    "stimulus_name": "Long Square",
    "stimulus_relative_amplitude": 1.0,
    "stimulus_start_time": 1.02,
    "stimulus_units": "Amps",
    "sweep_number": 43,
    "vm_delta_mv": 0.265800476074219
  },
  {
    "bridge_balance_mohm": 18.8034172058105,
    "id": 488118230,
    "leak_pa": 16.4831714630127,
    "num_spikes": null,
    "peak_deflection": null,
    "post_noise_rms_mv": 0.0415047109127045,
    "post_vm_mv": -80.6342391967773,
    "pre_noise_rms_mv": 0.0410169176757336,
    "pre_vm_mv": -80.654182434082,
    "slow_noise_rms_mv": 0.09895309060812,
    "slow_vm_mv": -80.654182434082,
    "specimen_id": 488117124,
    "stimulus_absolute_amplitude": 800.000010681146,
    "stimulus_description": "C1SSCOARSE150112[7]",
    "stimulus_duration": 0.002995,
    "stimulus_interval": null,
    "stimulus_name": "Short Square",
    "stimulus_relative_amplitude": 1.0,
    "stimulus_start_time": 1.02,
    "stimulus_units": "Amps",
    "sweep_number": 14,
    "vm_delta_mv": 0.0199432373046875
  },
  {
    "bridge_balance_mohm": 18.8034172058105,
    "id": 488118212,
    "leak_pa": 6.41711235046387,
    "num_spikes": 6,
    "peak_deflection": null,
    "post_noise_rms_mv": null,
    "post_vm_mv": null,
    "pre_noise_rms_mv": 0.0322620160877705,
    "pre_vm_mv": -81.0361251831055,
    "slow_noise_rms_mv": 0.0795485600829124,
    "slow_vm_mv": -81.0361251831055,
    "specimen_id": 488117124,
    "stimulus_absolute_amplitude": 800.000010681146,
    "stimulus_description": "C1RP25PR1S141203[0]",
    "stimulus_duration": 31.997495,
    "stimulus_interval": null,
    "stimulus_name": "Ramp",
    "stimulus_relative_amplitude": 1.0,
    "stimulus_start_time": 1.0225,
    "stimulus_units": "Amps",
    "sweep_number": 5,
    "vm_delta_mv": null
  },
  {
    "bridge_balance_mohm": 18.8034172058105,
    "id": 488118236,
    "leak_pa": 16.4831714630127,
    "num_spikes": null,
    "peak_deflection": null,
    "post_noise_rms_mv": 0.0278939679265022,
    "post_vm_mv": -80.8687438964844,
    "pre_noise_rms_mv": 0.0396490059792995,
    "pre_vm_mv": -80.8053817749023,
    "slow_noise_rms_mv": 0.118555404245853,
    "slow_vm_mv": -80.8053817749023,
    "specimen_id": 488117124,
    "stimulus_absolute_amplitude": 999.999971718069,
    "stimulus_description": "C1SSCOARSE150112[9]",
    "stimulus_duration": 0.002995,
    "stimulus_interval": null,
    "stimulus_name": "Short Square",
    "stimulus_relative_amplitude": 1.0,
    "stimulus_start_time": 1.02,
    "stimulus_units": "Amps",
    "sweep_number": 16,
    "vm_delta_mv": 0.0633621215820312
  },
  {
    "bridge_balance_mohm": null,
    "id": 488118342,
    "leak_pa": null,
    "num_spikes": null,
    "peak_deflection": null,
    "post_noise_rms_mv": 0.0424523539841175,
    "post_vm_mv": -3.55794167518616,
    "pre_noise_rms_mv": 0.0404095835983753,
    "pre_vm_mv": -3.47216987609863,
    "slow_noise_rms_mv": 0.0677483305335045,
    "slow_vm_mv": -3.47216987609863,
    "specimen_id": 488117124,
    "stimulus_absolute_amplitude": 0.0,
    "stimulus_description": "EXTPBLWOUT141203[0]",
    "stimulus_duration": 0.0,
    "stimulus_interval": null,
    "stimulus_name": "Test",
    "stimulus_relative_amplitude": 1.0,
    "stimulus_start_time": 0.0,
    "stimulus_units": "Amps",
    "sweep_number": 69,
    "vm_delta_mv": 0.0857717990875244
  },
  {
    "bridge_balance_mohm": 18.8034172058105,
    "id": 488118242,
    "leak_pa": 20.257942199707,
    "num_spikes": 1,
    "peak_deflection": null,
    "post_noise_rms_mv": 0.0391624830663204,
    "post_vm_mv": -81.0538101196289,
    "pre_noise_rms_mv": 0.0276986230164766,
    "pre_vm_mv": -80.9838638305664,
    "slow_noise_rms_mv": 0.098343513906002,
    "slow_vm_mv": -80.9838638305664,
    "specimen_id": 488117124,
    "stimulus_absolute_amplitude": 1299.99999654018,
    "stimulus_description": "C1SSCOARSE150112[12]",
    "stimulus_duration": 0.002995,
    "stimulus_interval": null,
    "stimulus_name": "Short Square",
    "stimulus_relative_amplitude": 1.0,
    "stimulus_start_time": 1.02,
    "stimulus_units": "Amps",
    "sweep_number": 19,
    "vm_delta_mv": 0.0699462890625
  },
  {
    "bridge_balance_mohm": 20.7570209503174,
    "id": 488118328,
    "leak_pa": 3.52312040328979,
    "num_spikes": 52,
    "peak_deflection": null,
    "post_noise_rms_mv": 0.0382472909986973,
    "post_vm_mv": -80.9896392822266,
    "pre_noise_rms_mv": 0.0446115061640739,
    "pre_vm_mv": -80.0528259277344,
    "slow_noise_rms_mv": 0.11925146728754,
    "slow_vm_mv": -80.0528259277344,
    "specimen_id": 488117124,
    "stimulus_absolute_amplitude": 377.250009009344,
    "stimulus_description": "C1NSSEED_2150216[0]",
    "stimulus_duration": 18.999995,
    "stimulus_interval": 8.0,
    "stimulus_name": "Noise 2",
    "stimulus_relative_amplitude": 1.60000002384186,
    "stimulus_start_time": 2.02,
    "stimulus_units": "Amps",
    "sweep_number": 62,
    "vm_delta_mv": 0.936813354492188
  },
  {
    "bridge_balance_mohm": 18.9255180358887,
    "id": 488118274,
    "leak_pa": 29.3803081512451,
    "num_spikes": null,
    "peak_deflection": -84.6875,
    "post_noise_rms_mv": 0.037438303232193,
    "post_vm_mv": -79.2775955200195,
    "pre_noise_rms_mv": 0.0378638654947281,
    "pre_vm_mv": -79.4068374633789,
    "slow_noise_rms_mv": 0.126798629760742,
    "slow_vm_mv": -79.4068374633789,
    "specimen_id": 488117124,
    "stimulus_absolute_amplitude": -30.0000024822111,
    "stimulus_description": "C1LSCOARSE150216[4]",
    "stimulus_duration": 0.999995,
    "stimulus_interval": null,
    "stimulus_name": "Long Square",
    "stimulus_relative_amplitude": 1.0,
    "stimulus_start_time": 1.02,
    "stimulus_units": "Amps",
    "sweep_number": 35,
    "vm_delta_mv": 0.129241943359375
  },
  {
    "bridge_balance_mohm": 18.9255180358887,
    "id": 488118296,
    "leak_pa": 15.979868888855,
    "num_spikes": 12,
    "peak_deflection": null,
    "post_noise_rms_mv": 0.0405976809561253,
    "post_vm_mv": -81.0355529785156,
    "pre_noise_rms_mv": 0.0375781022012234,
    "pre_vm_mv": -80.7845993041992,
    "slow_noise_rms_mv": 0.0972216203808784,
    "slow_vm_mv": -80.7845993041992,
    "specimen_id": 488117124,
    "stimulus_absolute_amplitude": 190.000001842883,
    "stimulus_description": "C1LSCOARSE150216[15]",
    "stimulus_duration": 0.999995,
    "stimulus_interval": null,
    "stimulus_name": "Long Square",
    "stimulus_relative_amplitude": 1.0,
    "stimulus_start_time": 1.02,
    "stimulus_units": "Amps",
    "sweep_number": 46,
    "vm_delta_mv": 0.250953674316406
  },
  {
    "bridge_balance_mohm": 18.1929187774658,
    "id": 488118210,
    "leak_pa": null,
    "num_spikes": 5,
    "peak_deflection": null,
    "post_noise_rms_mv": null,
    "post_vm_mv": null,
    "pre_noise_rms_mv": 0.0365426577627659,
    "pre_vm_mv": -81.050895690918,
    "slow_noise_rms_mv": 0.0968292355537415,
    "slow_vm_mv": -81.050895690918,
    "specimen_id": 488117124,
    "stimulus_absolute_amplitude": 800.000010681146,
    "stimulus_description": "C1RP25PR1S141203[0]",
    "stimulus_duration": 31.997495,
    "stimulus_interval": null,
    "stimulus_name": "Ramp",
    "stimulus_relative_amplitude": 1.0,
    "stimulus_start_time": 1.0225,
    "stimulus_units": "Amps",
    "sweep_number": 4,
    "vm_delta_mv": null
  },
  {
    "bridge_balance_mohm": 18.9255180358887,
    "id": 488118294,
    "leak_pa": 15.979868888855,
    "num_spikes": 9,
    "peak_deflection": null,
    "post_noise_rms_mv": 0.0376472398638725,
    "post_vm_mv": -80.7244033813477,
    "pre_noise_rms_mv": 0.0433255918323994,
    "pre_vm_mv": -80.5957183837891,
    "slow_noise_rms_mv": 0.0844937562942505,
    "slow_vm_mv": -80.5957183837891,
    "specimen_id": 488117124,
    "stimulus_absolute_amplitude": 170.000000188075,
    "stimulus_description": "C1LSCOARSE150216[14]",
    "stimulus_duration": 0.999995,
    "stimulus_interval": null,
    "stimulus_name": "Long Square",
    "stimulus_relative_amplitude": 1.0,
    "stimulus_start_time": 1.02,
    "stimulus_units": "Amps",
    "sweep_number": 45,
    "vm_delta_mv": 0.128684997558594
  },
  {
    "bridge_balance_mohm": 18.9255180358887,
    "id": 488118292,
    "leak_pa": 21.4532871246338,
    "num_spikes": 7,
    "peak_deflection": null,
    "post_noise_rms_mv": 0.0493756607174873,
    "post_vm_mv": -80.1020965576172,
    "pre_noise_rms_mv": 0.0440408810973167,
    "pre_vm_mv": -80.0370712280273,
    "slow_noise_rms_mv": 0.103731498122215,
    "slow_vm_mv": -80.0370712280273,
    "specimen_id": 488117124,
    "stimulus_absolute_amplitude": 149.999998533268,
    "stimulus_description": "C1LSCOARSE150216[13]",
    "stimulus_duration": 0.999995,
    "stimulus_interval": null,
    "stimulus_name": "Long Square",
    "stimulus_relative_amplitude": 1.0,
    "stimulus_start_time": 1.02,
    "stimulus_units": "Amps",
    "sweep_number": 44,
    "vm_delta_mv": 0.0650253295898438
  },
  {
    "bridge_balance_mohm": 18.9255180358887,
    "id": 488118284,
    "leak_pa": 25.6055374145508,
    "num_spikes": null,
    "peak_deflection": -65.3125076293945,
    "post_noise_rms_mv": 0.0408118553459644,
    "post_vm_mv": -79.4626083374023,
    "pre_noise_rms_mv": 0.0369667373597622,
    "pre_vm_mv": -79.4586181640625,
    "slow_noise_rms_mv": 0.0772514790296555,
    "slow_vm_mv": -79.4586181640625,
    "specimen_id": 488117124,
    "stimulus_absolute_amplitude": 69.9999988529321,
    "stimulus_description": "C1LSCOARSE150216[9]",
    "stimulus_duration": 0.999995,
    "stimulus_interval": null,
    "stimulus_name": "Long Square",
    "stimulus_relative_amplitude": 1.0,
    "stimulus_start_time": 1.02,
    "stimulus_units": "Amps",
    "sweep_number": 40,
    "vm_delta_mv": 0.00399017333984375
  },
  {
    "bridge_balance_mohm": null,
    "id": 488118202,
    "leak_pa": null,
    "num_spikes": null,
    "peak_deflection": null,
    "post_noise_rms_mv": null,
    "post_vm_mv": null,
    "pre_noise_rms_mv": null,
    "pre_vm_mv": null,
    "slow_noise_rms_mv": null,
    "slow_vm_mv": null,
    "specimen_id": 488117124,
    "stimulus_absolute_amplitude": null,
    "stimulus_description": "EXTPSMOKET141203[0]",
    "stimulus_duration": null,
    "stimulus_interval": null,
    "stimulus_name": "Test",
    "stimulus_relative_amplitude": 1.0,
    "stimulus_start_time": null,
    "stimulus_units": "Volts",
    "sweep_number": 0,
    "vm_delta_mv": null
  },
  {
    "bridge_balance_mohm": 16.9108657836914,
    "id": 488118308,
    "leak_pa": 20.1950302124023,
    "num_spikes": null,
    "peak_deflection": -55.5625038146973,
    "post_noise_rms_mv": 0.0360190309584141,
    "post_vm_mv": -79.916633605957,
    "pre_noise_rms_mv": 0.0386814400553703,
    "pre_vm_mv": -80.2983779907227,
    "slow_noise_rms_mv": 0.101048804819584,
    "slow_vm_mv": -80.2983779907227,
    "specimen_id": 488117124,
    "stimulus_absolute_amplitude": 129.99999687846,
    "stimulus_description": "C1LSFINEST150112[0]",
    "stimulus_duration": 0.999995,
    "stimulus_interval": null,
    "stimulus_name": "Long Square",
    "stimulus_relative_amplitude": 1.29999995231628,
    "stimulus_start_time": 1.02,
    "stimulus_units": "Amps",
    "sweep_number": 52,
    "vm_delta_mv": 0.381744384765625
  },
  {
    "bridge_balance_mohm": 18.9255180358887,
    "id": 488118268,
    "leak_pa": 29.3803081512451,
    "num_spikes": null,
    "peak_deflection": -92.4375076293945,
    "post_noise_rms_mv": 0.0373685956001282,
    "post_vm_mv": -79.2287216186523,
    "pre_noise_rms_mv": 0.0370065793395042,
    "pre_vm_mv": -79.3191223144531,
    "slow_noise_rms_mv": 0.0972345098853111,
    "slow_vm_mv": -79.3191223144531,
    "specimen_id": 488117124,
    "stimulus_absolute_amplitude": -90.0000005077395,
    "stimulus_description": "C1LSCOARSE150216[1]",
    "stimulus_duration": 0.999995,
    "stimulus_interval": null,
    "stimulus_name": "Long Square",
    "stimulus_relative_amplitude": 1.0,
    "stimulus_start_time": 1.02,
    "stimulus_units": "Amps",
    "sweep_number": 32,
    "vm_delta_mv": 0.0904006958007812
  },
  {
    "bridge_balance_mohm": 18.9255180358887,
    "id": 488118278,
    "leak_pa": 29.3803081512451,
    "num_spikes": null,
    "peak_deflection": -76.7187576293945,
    "post_noise_rms_mv": 0.0430355966091156,
    "post_vm_mv": -79.0550231933594,
    "pre_noise_rms_mv": 0.0421400405466557,
    "pre_vm_mv": -79.2434005737305,
    "slow_noise_rms_mv": 0.104115068912506,
    "slow_vm_mv": -79.2434005737305,
    "specimen_id": 488117124,
    "stimulus_absolute_amplitude": 9.99999996004197,
    "stimulus_description": "C1LSCOARSE150216[6]",
    "stimulus_duration": 0.999995,
    "stimulus_interval": null,
    "stimulus_name": "Long Square",
    "stimulus_relative_amplitude": 1.0,
    "stimulus_start_time": 1.02,
    "stimulus_units": "Amps",
    "sweep_number": 37,
    "vm_delta_mv": 0.188377380371094
  },
  {
    "bridge_balance_mohm": 16.3614158630371,
    "id": 488118304,
    "leak_pa": 20.1950302124023,
    "num_spikes": 22,
    "peak_deflection": null,
    "post_noise_rms_mv": 0.050899114459753,
    "post_vm_mv": -80.1019592285156,
    "pre_noise_rms_mv": 0.0399187430739403,
    "pre_vm_mv": -80.4084167480469,
    "slow_noise_rms_mv": 0.113259799778461,
    "slow_vm_mv": -80.4084167480469,
    "specimen_id": 488117124,
    "stimulus_absolute_amplitude": 269.999994584325,
    "stimulus_description": "C1LSCOARSE150216[19]",
    "stimulus_duration": 0.999995,
    "stimulus_interval": null,
    "stimulus_name": "Long Square",
    "stimulus_relative_amplitude": 1.0,
    "stimulus_start_time": 1.02,
    "stimulus_units": "Amps",
    "sweep_number": 50,
    "vm_delta_mv": 0.30645751953125
  },
  {
    "bridge_balance_mohm": 19.9633693695068,
    "id": 488118264,
    "leak_pa": 29.3803081512451,
    "num_spikes": 1,
    "peak_deflection": null,
    "post_noise_rms_mv": 0.0509923473000526,
    "post_vm_mv": -80.1048431396484,
    "pre_noise_rms_mv": 0.0414244905114174,
    "pre_vm_mv": -80.074333190918,
    "slow_noise_rms_mv": 0.128738671541214,
    "slow_vm_mv": -80.074333190918,
    "specimen_id": 488117124,
    "stimulus_absolute_amplitude": 1309.99999736758,
    "stimulus_description": "C1SSFINEST150112[0]",
    "stimulus_duration": 0.002995,
    "stimulus_interval": null,
    "stimulus_name": "Short Square",
    "stimulus_relative_amplitude": 13.1000003814697,
    "stimulus_start_time": 1.02,
    "stimulus_units": "Amps",
    "sweep_number": 30,
    "vm_delta_mv": 0.0305099487304688
  },
  {
    "bridge_balance_mohm": 16.3614158630371,
    "id": 488118298,
    "leak_pa": 20.1950302124023,
    "num_spikes": 15,
    "peak_deflection": null,
    "post_noise_rms_mv": 0.0397679395973682,
    "post_vm_mv": -80.7937927246094,
    "pre_noise_rms_mv": 0.0357638671994209,
    "pre_vm_mv": -81.1421279907227,
    "slow_noise_rms_mv": 0.120649807155132,
    "slow_vm_mv": -81.1421279907227,
    "specimen_id": 488117124,
    "stimulus_absolute_amplitude": 209.999989619902,
    "stimulus_description": "C1LSCOARSE150216[16]",
    "stimulus_duration": 0.999995,
    "stimulus_interval": null,
    "stimulus_name": "Long Square",
    "stimulus_relative_amplitude": 1.0,
    "stimulus_start_time": 1.02,
    "stimulus_units": "Amps",
    "sweep_number": 47,
    "vm_delta_mv": 0.348335266113281
  },
  {
    "bridge_balance_mohm": 18.8034172058105,
    "id": 488118238,
    "leak_pa": 20.257942199707,
    "num_spikes": null,
    "peak_deflection": null,
    "post_noise_rms_mv": 0.0428359732031822,
    "post_vm_mv": -80.3314895629883,
    "pre_noise_rms_mv": 0.03929827734828,
    "pre_vm_mv": -80.2696380615234,
    "slow_noise_rms_mv": 0.0781405493617058,
    "slow_vm_mv": -80.2696380615234,
    "specimen_id": 488117124,
    "stimulus_absolute_amplitude": 1099.99997999211,
    "stimulus_description": "C1SSCOARSE150112[10]",
    "stimulus_duration": 0.002995,
    "stimulus_interval": null,
    "stimulus_name": "Short Square",
    "stimulus_relative_amplitude": 1.0,
    "stimulus_start_time": 1.02,
    "stimulus_units": "Amps",
    "sweep_number": 17,
    "vm_delta_mv": 0.0618515014648438
  },
  {
    "bridge_balance_mohm": 20.7570209503174,
    "id": 488118340,
    "leak_pa": 3.52312040328979,
    "num_spikes": null,
    "peak_deflection": null,
    "post_noise_rms_mv": null,
    "post_vm_mv": null,
    "pre_noise_rms_mv": null,
    "pre_vm_mv": null,
    "slow_noise_rms_mv": null,
    "slow_vm_mv": null,
    "specimen_id": 488117124,
    "stimulus_absolute_amplitude": null,
    "stimulus_description": "EXTPGGAEND141203[0]",
    "stimulus_duration": null,
    "stimulus_interval": null,
    "stimulus_name": "Test",
    "stimulus_relative_amplitude": 1.0,
    "stimulus_start_time": null,
    "stimulus_units": "Volts",
    "sweep_number": 68,
    "vm_delta_mv": null
  }
]