{
  "id": 488759006,
  "name": "Biophysical - perisomatic_Rbp4-Cre_KL100;Ai14-211533.05.02.01",
  "neuron_reconstruction_id": 505206420,
  "neuronal_model_template_id": 329230710,
  "specimen_id": 488117124,
  "specimen": {
    "cell_prep_sample_id": null,
    "cell_reporter_id": 491913822,
    "cortex_layer_id": null,
    "data": null,
    "donor_id": 487152246,
    "ephys_result_id": 488117122,
    "external_specimen_name": null,
    "failed_facet": 734881840,
    "hemisphere": "right",
    "id": 488117124,
    "is_cell_specimen": true,
    "is_ish": false,
    "name": "Rbp4-Cre_KL100;Ai14-211533.05.02.01",
    "parent_id": 488021719,
    "parent_x_coord": 0,
    "parent_y_coord": 0,
    "parent_z_coord": 1,
    "pinned_radius": null,
    "rna_integrity_number": null,
    "specimen_id_path": "/487152248/488016014/488021719/488117124/",
    "sphinx_id": 640920,
    "structure_id": 721,
    "tissue_ph": null,
    "treatment_id": 680087734,
    "weight": 9000,
    "donor": {
      "age_id": 298414240,
      "chemotherapy": null,
      "condition_description": null,
      "data": null,
      "date_of_birth": "2015-08-06T00:00:00Z",
      "donor_condition_description_facet": null,
      "donor_race_only_facet": null,
      "donor_sex_facet": 1306038106,
      "donor_strain_facet": null,
      "donor_strain_only_facet": null,
      "egfr_amplification": null,
      "extent_of_resection": null,
      "external_donor_name": "211533",
      "full_genotype": "Rbp4-Cre_KL100/wt;Ai14(RCL-tdT)/wt",
      "handedness": null,
      "id": 487152246,
      "initial_kps": null,
      "mgmt_ihc": null,
      "mgmt_methylation": null,
      "molecular_subtype": null,
      "multifocal": null,
      "name": "Rbp4-Cre_KL100;Ai14-211533",
      "organism_id": 2,
      "pmi": null,
      "primary_tissue_source": null,
      "pten_deletion": null,
      "race_only": null,
      "radiation_therapy": null,
      "recurrence_by_six_months": null,
      "sex": "F",
      "sex_full_name": "Female",
      "sleep_state": null,
      "smoker": null,
      "strain": null,
      "strain_only": "",
      "survival_days": null,
      "tags": "Rbp4-Cre_KL100;Ai14-211533 ",
      "theiler_stage": null,
      "time_to_progression_or_recurrence": null,
      "transgenic_mouse_id": 34,
      "tumor_status": null,
      "weight_grams": null,
      "transgenic_lines": [
        {
          "description": "tdTomato fluorescent protein is expressed in cytoplasm",
          "id": 177836291,
          "name": "Ai14(RCL-tdT)",
          "originating_lab": "Allen Institute for Brain Science",
          "stock_number": "007914",
          "sub_image_annotation_id": 21592,
          "transgenic_line_source_name": "JAX",
          "transgenic_line_type_code": "R",
          "transgenic_line_type_name": "reporter",
          "url_prefix": "http://jaxmice.jax.org/strain/",
          "url_suffix": ".html"
        },
        {
          "description": "Enriched in cortical layer 5 and the dentate gyrus.",
          "id": 177838435,
          "name": "Rbp4-Cre_KL100",
          "originating_lab": "Nathaniel Heintz and Charles Gerfen",
          "stock_number": "031125",
          "sub_image_annotation_id": 120818676,
          "transgenic_line_source_name": "MMRRC",
          "transgenic_line_type_code": "D",
          "transgenic_line_type_name": "driver",
          "url_prefix": "http://www.mmrrc.org/catalog/getSDS.jsp?mmrrc_id=",
          "url_suffix": null
        }
      ]
    },
    "specimen_tags": [
      {
        "name": "apical - intact"
      },
      {
        "name": "dendrite type - spiny"
      }
    ],
    "structure": {
      "acronym": "VISp4",
      "atlas_id": 1080,
      "color_hex_triplet": "08858C",
      "depth": 8,
      "failed": false,
      "failed_facet": 734881840,
      "graph_id": 1,
      "graph_order": 188,
      "hemisphere_id": 3,
      "id": 721,
      "name": "Primary visual area, layer 4",
      "neuro_name_structure_id": null,
      "neuro_name_structure_id_path": null,
      "ontology_id": 1,
      "parent_structure_id": 385,
      "safe_name": "Primary visual area layer 4",
      "sphinx_id": 189,
      "st_level": 11,
      "structure_id_path": "/997/8/567/688/695/315/669/385/721/",
      "structure_name_facet": 565069822,
      "weight": 8690
    }
  },
  "neuronal_model_runs": [
    {
      "explained_variance_ratio": 0.619775016848656,
      "rheobase_feature_average": 1.23441608440037
    }
  ]
}